{
  "random": {
    "topic_diversity": 0.8641916929016004,
    "content_diversity": 0.3446402689076656,
    "content_diversity_normalized": 0.4377131125684225
  },
  "popular": {
    "topic_diversity": 0.7059714988069781,
    "content_diversity": 0.2591615725042415,
    "content_diversity_normalized": 0.3693426709908659
  },
  "nrms": {
    "topic_diversity": 0.7034710132190252,
    "content_diversity": 0.31109891380481114,
    "content_diversity_normalized": 0.40084727848781143
  },
  "lstur": {
    "topic_diversity": 0.6959573475962505,
    "content_diversity": 0.3062013350852219,
    "content_diversity_normalized": 0.38842601746790917
  },
  "ground_truth": {
    "topic_diversity": 0.8040301438121533,
    "content_diversity": 0.33013167860169207,
    "content_diversity_normalized": 0.4019601186212262
  }
}