{
  "random": {
    "topic_diversity": 0.8641916929016004,
    "content_diversity": 0.3446402689076656
  },
  "popular": {
    "topic_diversity": 0.7059714988069781,
    "content_diversity": 0.2591615725042415
  },
  "nrms": {
    "topic_diversity": 0.7034710132190252,
    "content_diversity": 0.31109891380481114
  },
  "lstur": {
    "topic_diversity": 0.6959573475962505,
    "content_diversity": 0.3062013350852219
  },
  "ground_truth": {
    "topic_diversity": 0.8040301438121533,
    "content_diversity": 0.33013167860169207
  }
}