{
  "random": {
    "topic_diversity": 0.5801020107504752,
    "content_diversity": 0.7797639524538904,
    "content_diversity_normalized": 0.6722592530928152
  },
  "popular": {
    "topic_diversity": 0.5403846751030956,
    "content_diversity": 0.7617617212230797,
    "content_diversity_normalized": 0.6570779971091767
  },
  "ground_truth": {
    "topic_diversity": 0.5521105410764046,
    "content_diversity": 0.7660959258662099,
    "content_diversity_normalized": 0.6370141510380879
  }
}