{
  "random": {
    "topic_diversity": 0.8409137936887203,
    "content_diversity": 0.3386629495619573
  },
  "popular": {
    "topic_diversity": 0.8046049051207947,
    "content_diversity": 0.2669239339989768
  },
  "ground_truth": {
    "topic_diversity": 0.778343818589907,
    "content_diversity": 0.3100083988952011
  }
}