{
  "random": {
    "topic_diversity": 0.8409137936887203,
    "content_diversity": 0.3386629495619573,
    "content_diversity_normalized": 0.43488999080734925
  },
  "popular": {
    "topic_diversity": 0.8046049051207947,
    "content_diversity": 0.2669239339989768,
    "content_diversity_normalized": 0.31683992503866154
  },
  "ground_truth": {
    "topic_diversity": 0.778343818589907,
    "content_diversity": 0.3100083988952011,
    "content_diversity_normalized": 0.3482553951735516
  }
}